{"cameraMode":{"drawMode":0,"name":"Shaded","section":"Shading Mode"},"sceneLighting":false,"audioPlay":false,"sceneViewState":{"showFog":true,"showMaterialUpdate":true,"showSkybox":false,"showFlares":true,"showImageEffects":true,"showParticleSystems":true},"in2DMode":false,"pivot":{"x":-0.5532369613647461,"y":0.29919102787971499,"z":-2.2343649864196779},"rotation":{"x":-0.13901470601558686,"y":-0.06916341185569763,"z":0.009734049439430237,"w":-0.9878242015838623},"size":22.0,"orthographic":false}