{"cameraMode":{"drawMode":0,"name":"Shaded","section":"Shading Mode"},"sceneLighting":false,"audioPlay":false,"sceneViewState":{"showFog":true,"showMaterialUpdate":true,"showSkybox":true,"showFlares":true,"showImageEffects":true,"showParticleSystems":true},"in2DMode":false,"pivot":{"x":94.72352600097656,"y":51.18885040283203,"z":-40.500144958496097},"rotation":{"x":-0.27234581112861636,"y":-0.27960512042045596,"z":0.09384854882955551,"w":-0.9158827662467957},"size":5.772922992706299,"orthographic":false}