{"cameraMode":{"drawMode":0,"name":"Shaded","section":"Shading Mode"},"sceneLighting":false,"audioPlay":false,"sceneViewState":{"showFog":true,"showMaterialUpdate":true,"showSkybox":true,"showFlares":true,"showImageEffects":true,"showParticleSystems":true},"in2DMode":false,"pivot":{"x":-10.412178039550782,"y":65.89881896972656,"z":-166.7994842529297},"rotation":{"x":-0.03355328366160393,"y":0.9564083814620972,"z":-0.2788766920566559,"w":-0.07990685105323792},"size":2.109186887741089,"orthographic":false}