{"cameraMode":{"drawMode":0,"name":"Shaded","section":"Shading Mode"},"sceneLighting":false,"audioPlay":false,"sceneViewState":{"showFog":true,"showMaterialUpdate":true,"showSkybox":false,"showFlares":true,"showImageEffects":true,"showParticleSystems":true},"in2DMode":false,"pivot":{"x":0.20873135328292848,"y":0.33402812480926516,"z":-0.4036328196525574},"rotation":{"x":0.046194449067115787,"y":0.9104589819908142,"z":-0.3971325159072876,"w":0.10590709000825882},"size":1.100182294845581,"orthographic":false}