{"cameraMode":{"drawMode":0,"name":"Shaded","section":"Shading Mode"},"sceneLighting":false,"audioPlay":false,"sceneViewState":{"showFog":true,"showMaterialUpdate":true,"showSkybox":true,"showFlares":true,"showImageEffects":true,"showParticleSystems":true},"in2DMode":false,"pivot":{"x":1005.8641357421875,"y":659.1159057617188,"z":-173.23834228515626},"rotation":{"x":-0.12308908998966217,"y":-0.1712254285812378,"z":0.03160788118839264,"w":-0.9770014882087708},"size":759.6170654296875,"orthographic":false}