{"cameraMode":{"drawMode":0,"name":"Shaded","section":"Shading Mode"},"sceneLighting":false,"audioPlay":false,"sceneViewState":{"showFog":true,"showMaterialUpdate":true,"showSkybox":true,"showFlares":true,"showImageEffects":true,"showParticleSystems":true},"in2DMode":false,"pivot":{"x":0.5291098356246948,"y":1.1518157720565797,"z":-1.6280794143676758},"rotation":{"x":0.00003391218342585489,"y":-0.9943953156471252,"z":0.00031574119930155575,"w":0.10572588443756104},"size":4.88193941116333,"orthographic":false}