{"cameraMode":{"drawMode":0,"name":"Shaded","section":"Shading Mode"},"sceneLighting":false,"audioPlay":false,"sceneViewState":{"showFog":true,"showMaterialUpdate":true,"showSkybox":false,"showFlares":true,"showImageEffects":true,"showParticleSystems":true},"in2DMode":false,"pivot":{"x":4.172196388244629,"y":-3.0329771041870119,"z":4.5645270347595219},"rotation":{"x":-0.2245067059993744,"y":-0.4129648506641388,"z":0.10580454766750336,"w":-0.876277506351471},"size":10.254179000854493,"orthographic":false}