{"cameraMode":{"drawMode":0,"name":"Shaded","section":"Shading Mode"},"sceneLighting":false,"audioPlay":false,"sceneViewState":{"showFog":true,"showMaterialUpdate":true,"showSkybox":false,"showFlares":true,"showImageEffects":true,"showParticleSystems":true},"in2DMode":false,"pivot":{"x":0.7172365188598633,"y":5.315366744995117,"z":3.4593896865844728},"rotation":{"x":-0.13524147868156434,"y":-0.27636075019836428,"z":0.03931533172726631,"w":-0.9506781101226807},"size":33.55342102050781,"orthographic":false}