{"cameraMode":{"drawMode":0,"name":"Shaded","section":"Shading Mode"},"sceneLighting":false,"audioPlay":false,"sceneViewState":{"showFog":true,"showMaterialUpdate":true,"showSkybox":false,"showFlares":true,"showImageEffects":true,"showParticleSystems":true},"in2DMode":false,"pivot":{"x":-0.2629709839820862,"y":0.35222306847572329,"z":-0.3817354440689087},"rotation":{"x":-0.33386918902397158,"y":0.6296648979187012,"z":-0.3438314199447632,"w":-0.6114192008972168},"size":2.0001821517944338,"orthographic":false}