{"cameraMode":{"drawMode":0,"name":"Shaded","section":"Shading Mode"},"sceneLighting":false,"audioPlay":false,"sceneViewState":{"showFog":true,"showMaterialUpdate":true,"showSkybox":false,"showFlares":true,"showImageEffects":true,"showParticleSystems":true},"in2DMode":false,"pivot":{"x":0.0638546422123909,"y":1.21208655834198,"z":-0.5145731568336487},"rotation":{"x":-0.00289121619425714,"y":0.9970632791519165,"z":-0.05870421975851059,"w":-0.049094803631305698},"size":2.5710675716400148,"orthographic":false}