{"cameraMode":{"drawMode":0,"name":"Shaded","section":"Shading Mode"},"sceneLighting":false,"audioPlay":false,"sceneViewState":{"showFog":true,"showMaterialUpdate":true,"showSkybox":false,"showFlares":true,"showImageEffects":true,"showParticleSystems":true},"in2DMode":false,"pivot":{"x":-0.55322265625,"y":0.100006103515625,"z":-2.234375},"rotation":{"x":-0.13901470601558686,"y":-0.06916341185569763,"z":0.009734049439430237,"w":-0.9878242015838623},"size":2434.917236328125,"orthographic":false}