{"cameraMode":{"drawMode":0,"name":"Shaded","section":"Shading Mode"},"sceneLighting":false,"audioPlay":false,"sceneViewState":{"showFog":true,"showMaterialUpdate":true,"showSkybox":true,"showFlares":true,"showImageEffects":true,"showParticleSystems":true},"in2DMode":false,"pivot":{"x":-20.08078956604004,"y":63.28590774536133,"z":35.02864456176758},"rotation":{"x":0.017949631437659265,"y":0.21568718552589417,"z":-0.0140101108700037,"w":0.9761970043182373},"size":22.0,"orthographic":false}